Event Name,Event Date,Event Location,Event Type,Event Region,Longitude,Latitude,Weather Forecast
Steinunn Porarinsdottir: Wayfinders,Now through 1/28/2024,National Nordic Museum,Museums,Fremont / Ballard,-122.39177949359151,47.6683615,Not available
Hanako O’Leary: Izanami,Now through 1/28/2024,Frye Art Museum,Museums,Capitol Hill / Central District,-122.32405377084555,47.60719095,Not available
Gage Alumni Show,Now through 1/28/2024,Fountainhead Gallery,Visual Arts & Galleries,Queen Anne / Seattle Center,-80.6740045,28.1110963,Not available
Genre Box,Now through 1/28/2024,Market Theatre,Theatre,Downtown,-1.1450568781476997,52.9516629,Not available
Bohemia,Now through 1/28/2024,The Triple Door,Theatre,Downtown,-122.337685,47.6086439,Not available
Alice in Shadowland,Now through 1/28/2024,12th Avenue Arts,Theatre,Capitol Hill / Central District,-122.31667,47.6157219,Not available
Lee Ritenour and Dave Grusin,Now through 1/28/2024,Dimitriou's Jazz Alley,Music,Downtown,-122.339691,47.6148163,Not available
Tacoma Home + Garden Show,Now through 1/28/2024,Tacoma Dome,Festivals & Special Events,South,-122.42695224187412,47.236887249999995,Not available
Annie Eastwood with Kimball and the Fugitives,1/28/2024,Sea Monster Lounge,Music,Wallingford / Greenlake,-122.332319,47.6615049,Not available
Black and Boujee Panel Discussion,1/28/2024,Bainbridge Island Museum of Art,Readings & Lectures,West,-122.51453295865404,47.6251322,Not available
Celebrate Asia,1/28/2024,Benaroya Hall,Music,Downtown,-122.33697040702705,47.60811665,Not available
Django’s Birthday Concert with Ranger and the Re-Arrangers,1/28/2024,The Royal Room,Music,South Seattle,-110.9685178,32.2275723,Not available
Family Day with Birds Connect Seattle,1/28/2024,National Nordic Museum,Museums,Fremont / Ballard,-122.39177949359151,47.6683615,Not available
Fossil Finders | Ice Ages,1/28/2024,Burke Museum,Museums,University District,-122.31156049949824,47.6605211,Not available
Seattle Kraken vs. Columbus Blue Jackets,1/28/2024,Climate Pledge Arena,Sports,Queen Anne / Seattle Center,-122.353990491486,47.6219014,Not available
Tacoma Stars vs. San Diego Sockers,1/28/2024,accesso ShoWare Center,Sports,South,-122.24000381780328,47.38765995,Not available
Adira Sharkey,1/29/2024,Tractor Tavern,Music,Fremont / Ballard,-122.38280295082915,47.6657081,Not available
"Car, The Garden",1/29/2024,The Crocodile,Music,Downtown,-122.3490734,47.6146474,Not available
Walla Walla Wine On Tour,1/29/2024,Marion Oliver McCaw Hall,Festivals & Special Events,Queen Anne / Seattle Center,-122.35038850536958,47.62397705,Not available
Cheryl Wheeler,1/30/2024,The Triple Door,Music,Downtown,-122.337685,47.6086439,Not available
Giantish,1/30/2024,High Dive,Music,Fremont / Ballard,-93.631911,41.7111511,Not available
Seattle Thunderbirds vs. Prince George Cougars,1/30/2024,accesso ShoWare Center,Sports,South,-122.24000381780328,47.38765995,Not available
A/political Rocks,Now through 1/31/2024,Henry Art Gallery,Museums,University District,-122.31173279895636,47.6565246,Not available
Sophia Al-Maria,Now through 1/31/2024,Henry Art Gallery,Museums,University District,-122.31173279895636,47.6565246,Not available
Jahari Stampley,1/30/2024 through 1/31/2024,Dimitriou's Jazz Alley,Music,Downtown,-122.339691,47.6148163,Not available
FRAKTURED: Home of the Broken Beat,1/31/2024,High Dive,Music,Fremont / Ballard,-93.631911,41.7111511,Not available
G3- 25th Anniversary reunion,1/31/2024,The Moore Theatre,Music,Downtown,-83.7207314,42.2896932,Not available
JP Saxe,1/31/2024,The Showbox,Music,Downtown,-122.3394726,47.6085136,Not available
Los Lobos,1/31/2024,The Triple Door,Music,Downtown,-122.337685,47.6086439,Not available
The Daimonics,1/31/2024,The Royal Room,Music,South Seattle,-110.9685178,32.2275723,Not available
BabyTron,2/1/2024,The Showbox,Music,Downtown,-122.3394726,47.6085136,Not available
Battlestar Kalakala,2/1/2024,Sea Monster Lounge,Music,Wallingford / Greenlake,-122.332319,47.6615049,Not available
Catalyzing Change with Akuyea Karen Vargas,2/1/2024,Bainbridge Island Museum of Art,Readings & Lectures,West,-122.51453295865404,47.6251322,Not available
Exceptional Failures,2/1/2024,Tractor Tavern,Music,Fremont / Ballard,-122.38280295082915,47.6657081,Not available
Jamila Woods,2/1/2024,Neumos,Music,Capitol Hill / Central District,-122.3196108,47.613954,Not available
Jazz is Dead: Blue Note 85,2/1/2024,The Neptune Theatre,Music,University District,Not available,Not available,Not available
Michelle Cann,2/1/2024,Meany Center for the Performing Arts,Music,University District,Not available,Not available,Not available
Pakt,2/1/2024,Funhouse,Music,Capitol Hill / Central District,-72.2840663,43.6576535,Not available
Public Theatre,2/1/2024,Barboza,Music,Capitol Hill / Central District,-41.0275842,-13.248885,Not available
American Flats Album Release,2/2/2024,The Royal Room,Music,South Seattle,-110.9685178,32.2275723,Not available
Erik Walters,2/2/2024,Barboza,Music,Capitol Hill / Central District,-41.0275842,-13.248885,Not available
Memoir,2/2/2024,Benaroya Hall,Music,Downtown,-122.33697040702705,47.60811665,Not available
Nora En Pure,2/2/2024,Showbox SoDo,Music,Pioneer Square,-122.333928,47.5880461,Not available
Poolside,2/2/2024,The Showbox,Music,Downtown,-122.3394726,47.6085136,Not available
Tacoma Stars vs. Monterrey Flash,2/2/2024,accesso ShoWare Center,Sports,South,-122.24000381780328,47.38765995,Not available
Jaha Koo: The History of Korean Western Theatre,2/1/2024 through 2/3/2024,On The Boards,Theatre,Queen Anne / Seattle Center,Not found,Not found,Not available
The Winds: Medley of Emotions,2/2/2024 through 2/3/2024,Benaroya Hall,Music,Downtown,Not available,Not available,Not available
All Will Suffer,2/3/2024,Funhouse,Music,Capitol Hill / Central District,Not available,Not available,Not available
Banned & Beloved,2/3/2024,Town Hall Seattle,Music,Downtown,Not available,Not available,Not available
Cold War Kids – 20 Years Tour,2/3/2024,The Moore Theatre,Music,Downtown,Not available,Not available,Not available
Mau P,2/3/2024,The Showbox,Music,Downtown,Not available,Not available,Not available
Oble,2/3/2024,Barboza,Music,Capitol Hill / Central District,Not available,Not available,Not available
Randy Rainbow for President,2/3/2024,The Paramount Theatre,Theatre,Downtown,Not available,Not available,Not available
The Delta Bombers,2/3/2024,El Corazon,Music,Downtown,Not available,Not available,Not available
The Grave Plot Film Fest part 6,2/3/2024,Ark Lodge Cinemas,Film & Media Arts,South Seattle,Not available,Not available,Not available
Seattle Chamber Music Winter Festival,Now through 2/4/2024,Benaroya Hall,Music,Downtown,Not available,Not available,Not available
Beethoven Emperor Concerto,2/1/2024 through 2/4/2024,Benaroya Hall,Music,Downtown,Not available,Not available,Not available
Sergio Mendes,2/1/2024 through 2/4/2024,Dimitriou's Jazz Alley,Music,Downtown,Not available,Not available,Not available
Daniel Tiger’s Neighborhood,2/4/2024,The Paramount Theatre,Theatre,Downtown,Not available,Not available,Not available
Family Art Day: La Vaughn Belle,2/4/2024,National Nordic Museum,Museums,Fremont / Ballard,Not available,Not available,Not available
Lil Skies,2/4/2024,The Showbox,Music,Downtown,Not available,Not available,Not available
Secular and Sacred,2/4/2024,Town Hall Seattle,Music,Downtown,Not available,Not available,Not available
Criminal,2/5/2024,The Moore Theatre,Theatre,Downtown,Not available,Not available,Not available
Neck Deep,2/5/2024,Showbox SoDo,Music,Pioneer Square,Not available,Not available,Not available
Kazu Kibuishi with Donna Barba Higuera,2/6/2024,Town Hall Seattle,Readings & Lectures,Downtown,Not available,Not available,Not available
Kristin Hannah,2/6/2024,Benaroya Hall,Readings & Lectures,Downtown,Not available,Not available,Not available
Michael J. Gerhardt,2/6/2024,Town Hall Seattle,Readings & Lectures,Downtown,Not available,Not available,Not available
Night Lovell,2/6/2024,The Showbox,Music,Downtown,Not available,Not available,Not available
Soja,2/6/2024,The Neptune Theatre,Music,University District,Not available,Not available,Not available
Kenny Barron Trio,2/6/2024 through 2/7/2024,Dimitriou's Jazz Alley,Music,Downtown,Not available,Not available,Not available
Dimiter,2/7/2024,Sunset Tavern,Music,Fremont / Ballard,Not available,Not available,Not available
Tamara Payne: The Life and Legacy of Malcolm X,2/7/2024,Town Hall Seattle,Readings & Lectures,Downtown,Not available,Not available,Not available
The Kills,2/7/2024,Showbox SoDo,Music,Pioneer Square,Not available,Not available,Not available
An Evening with Tina Campt: Black Feminist Visual Culture,2/8/2024,Town Hall Seattle,Readings & Lectures,Downtown,Not available,Not available,Not available
Art and Transformation,2/8/2024,Bainbridge Island Museum of Art,Readings & Lectures,West,Not available,Not available,Not available
Eric Bellinger,2/8/2024,The Showbox,Music,Downtown,Not available,Not available,Not available
Futurebirds and Nude Party,2/8/2024,The Neptune Theatre,Music,University District,Not available,Not available,Not available
Ilana Glazer Live,2/8/2024,The Moore Theatre,Theatre,Downtown,Not available,Not available,Not available
Mister Blank,2/8/2024,Nectar Lounge,Music,Fremont / Ballard,Not available,Not available,Not available
The Thorn,2/8/2024 through 2/9/2024,The Paramount Theatre,Theatre,Downtown,Not available,Not available,Not available
Barry Can’t Swim,2/9/2024,Neumos,Music,Capitol Hill / Central District,Not available,Not available,Not available
Dark Star Orchestra,2/9/2024,The Showbox,Music,Downtown,Not available,Not available,Not available
Gov’t Mule,2/9/2024,The Moore Theatre,Music,Downtown,Not available,Not available,Not available
Ijeoma Oluo: Be A Revolution,2/9/2024,Town Hall Seattle,Readings & Lectures,Downtown,Not available,Not available,Not available
Mayer Hawthorne,2/9/2024,The Neptune Theatre,Music,University District,Not available,Not available,Not available
Moontricks,2/9/2024,The Crocodile,Music,Downtown,Not available,Not available,Not available
OBOE / OBOE,2/9/2024,415 Westlake,Music,Queen Anne / Seattle Center,Not available,Not available,Not available
Roots and Wings,2/9/2024,Rendezvous JewelBox Theater,Theatre,Downtown,Not available,Not available,Not available
Seattle Boat Show,2/2/2024 through 2/10/2024,Lumen Field,Festivals & Special Events,Pioneer Square,Not available,Not available,Not available
Randall Goosby Plays Mozart,2/8/2024 through 2/10/2024,Benaroya Hall,Music,Downtown,Not available,Not available,Not available
Art by Design,2/9/2024 through 2/10/2024,Seattle Design Center,Visual Arts & Galleries,Downtown,Not available,Not available,Not available
The Love Show,2/9/2024 through 2/10/2024,The Royal Room,Theatre,South Seattle,Not available,Not available,Not available
Brazilian Carnaval 2024,2/10/2024,The Crocodile,Music,Downtown,Not available,Not available,Not available
Chase Rice,2/10/2024,Showbox SoDo,Music,Pioneer Square,Not available,Not available,Not available
Joe “Mr. D”  Dombrowski,2/10/2024,The Moore Theatre,Theatre,Downtown,Not available,Not available,Not available
JVNA,2/10/2024,The Showbox,Music,Downtown,Not available,Not available,Not available
Linda From Work,2/10/2024,Barboza,Music,Capitol Hill / Central District,Not available,Not available,Not available
The Brother Brothers,2/10/2024,Tractor Tavern,Music,Fremont / Ballard,Not available,Not available,Not available
The Temptations &  The Four Tops,2/10/2024,The Paramount Theatre,Music,Downtown,Not available,Not available,Not available
Quixote Nuevo,Now through 2/11/2024,Seattle Rep,Theatre,Queen Anne / Seattle Center,Not available,Not available,Not available
Kent Stowell’s Swan Lake,2/2/2024 through 2/11/2024,Marion Oliver McCaw Hall,Dance,Queen Anne / Seattle Center,Not available,Not available,Not available
Blood Sweat  and Tears,2/8/2024 through 2/11/2024,Dimitriou's Jazz Alley,Music,Downtown,Not available,Not available,Not available
Love at the Zoo,2/10/2024 through 2/11/2024,Point Defiance Zoo and Aquarium,Festivals & Special Events,South,Not available,Not available,Not available
Scott Bradlee’s Postmodern Jukebox,2/11/2024,The Paramount Theatre,Music,Downtown,Not available,Not available,Not available
Tourist and Amtrac,2/11/2024,The Showbox,Music,Downtown,Not available,Not available,Not available
6th Annual Sami Film Festival,2/9/2024 through 2/12/2024,Majestic Bay Theatres,Museums,Fremont / Ballard,Not available,Not available,Not available
Eliades Ochoa,2/13/2024,The Moore Theatre,Music,Downtown,Not available,Not available,Not available
K. Wayne Yang,2/13/2024,Town Hall Seattle,Readings & Lectures,Downtown,Not available,Not available,Not available
Juanes,2/14/2024,The Moore Theatre,Music,Downtown,Not available,Not available,Not available
Black Dogs,2/15/2024,Sea Monster Lounge,Music,Wallingford / Greenlake,Not available,Not available,Not available
Hear Me Talkin’ to You: Womxn and Blues,2/15/2024,The Royal Room,Music,South Seattle,Not available,Not available,Not available
Maddie Zahm,2/15/2024,The Neptune Theatre,Music,University District,Not available,Not available,Not available
Silversun Pickups,2/15/2024,The Moore Theatre,Music,Downtown,Not available,Not available,Not available
The Brodies,2/15/2024,High Dive,Music,Fremont / Ballard,Not available,Not available,Not available
Cory Wong Winter 2024 Tour,2/16/2024,The Paramount Theatre,Music,Downtown,Not available,Not available,Not available
Left on Tenth,2/16/2024,High Dive,Music,Fremont / Ballard,Not available,Not available,Not available
Marlon Wayans,2/16/2024,The Moore Theatre,Theatre,Downtown,Not available,Not available,Not available
Riley Mulherkar: Album Release Show,2/16/2024,The Royal Room,Music,South Seattle,Not available,Not available,Not available
Yeah!,2/16/2024,Nectar Lounge,Music,Fremont / Ballard,Not available,Not available,Not available
Circa:Humans 2.0,2/15/2024 through 2/17/2024,Meany Center for the Performing Arts,Theatre,University District,Not available,Not available,Not available
Big Business,2/17/2024,Tractor Tavern,Music,Fremont / Ballard,Not available,Not available,Not available
David Wax Museum,2/17/2024,Fremont Abbey Arts Center,Music,Fremont / Ballard,Not available,Not available,Not available
Jon Batiste,2/17/2024,The Paramount Theatre,Music,Downtown,Not available,Not available,Not available
lespecial,2/17/2024,High Dive,Music,Fremont / Ballard,Not available,Not available,Not available
TobyMac Hits Deep 2024,2/17/2024,accesso ShoWare Center,Music,South,Not available,Not available,Not available
A Case for the Existence of God,2/2/2024 through 2/18/2024,ACT Theatre,Theatre,Downtown,Not available,Not available,Not available
Northwest Flower & Garden Festival,2/14/2024 through 2/18/2024,Seattle Convention Center,Festivals & Special Events,Downtown,Not available,Not available,Not available
The Princess Bride in Concert with the Seattle Symphony,2/14/2024 through 2/18/2024,Benaroya Hall,Music,Downtown,Not available,Not available,Not available
Mindi Abair Wine and Jazz Tour 2024,2/15/2024 through 2/18/2024,Dimitriou's Jazz Alley,Music,Downtown,Not available,Not available,Not available
Madonna,2/17/2024 through 2/18/2024,Climate Pledge Arena,Music,Queen Anne / Seattle Center,Not available,Not available,Not available
Aqua Fools’ Day,2/18/2024,High Dive,Music,Fremont / Ballard,Not available,Not available,Not available
Dr. Joy Buolamwini,2/18/2024,Town Hall Seattle,Readings & Lectures,Downtown,Not available,Not available,Not available
La Nef: Red Sky at Night,2/18/2024,Town Hall Seattle,Music,Downtown,Not available,Not available,Not available
Love Beyond Border,2/18/2024,Benaroya Hall,Music,Downtown,Not available,Not available,Not available
"Meet the Author: Maggie Taft, The Chieftain and the Chair",2/18/2024,National Nordic Museum,Museums,Fremont / Ballard,Not available,Not available,Not available
Seattle Kraken vs. Detroit Red Wings,2/19/2024,Climate Pledge Arena,Sports,Queen Anne / Seattle Center,Not available,Not available,Not available
The Thrifted,2/19/2024,High Dive,Music,Fremont / Ballard,Not available,Not available,Not available
Black and Boujee,Now through 2/20/2024,Bainbridge Island Museum of Art,Museums,West,Not available,Not available,Not available
From Mozart to Matthews,2/20/2024,Benaroya Hall,Music,Downtown,Not available,Not available,Not available
Lukas Nelson,2/20/2024,The Showbox,Music,Downtown,Not available,Not available,Not available
Mahogany – smARTfilms: Black Luxury,2/20/2024,Bainbridge Island Museum of Art,Film & Media Arts,West,Not available,Not available,Not available
Robots Who Paint,2/20/2024,Town Hall Seattle,Readings & Lectures,Downtown,Not available,Not available,Not available
Trask,2/20/2024,High Dive,Music,Fremont / Ballard,Not available,Not available,Not available
"Wu Han, Philip Setzer & David Finckel",2/20/2024,Meany Center for the Performing Arts,Music,University District,Not available,Not available,Not available
The Cookers,2/20/2024 through 2/21/2024,Dimitriou's Jazz Alley,Music,Downtown,Not available,Not available,Not available
Cesar Cuauhtemoc Garcia Hernandez,2/21/2024,Town Hall Seattle,Readings & Lectures,Downtown,Not available,Not available,Not available
Side-by-Side with Seattle Youth Symphony Orchestra,2/21/2024,Benaroya Hall,Music,Downtown,Not available,Not available,Not available
Bailen,2/22/2024,The Crocodile,Music,Downtown,Not available,Not available,Not available
Dr. Charan Ranganath,2/22/2024,Town Hall Seattle,Readings & Lectures,Downtown,Not available,Not available,Not available
Mountain Holler,2/22/2024,High Dive,Music,Fremont / Ballard,Not available,Not available,Not available
Seattle Kraken vs. Vancouver Canucks,2/22/2024,Climate Pledge Arena,Sports,Queen Anne / Seattle Center,Not available,Not available,Not available
Shabaka,2/22/2024,Town Hall Seattle,Music,Downtown,Not available,Not available,Not available
Funky Friday with F2D,Now through 2/23/2024,Sea Monster Lounge,Music,Wallingford / Greenlake,Not available,Not available,Not available
BLACKSTAR SYMPHONY: The Music of David Bowie,2/23/2024,Benaroya Hall,Music,Downtown,Not available,Not available,Not available
Caligula’s Horse,2/23/2024,El Corazon,Music,Downtown,Not available,Not available,Not available
Opera Talk: The Making of X,2/23/2024,Opera Center,Readings & Lectures,Queen Anne / Seattle Center,Not available,Not available,Not available
Tikkadoom and Nick Drummond,2/23/2024,The Royal Room,Music,South Seattle,Not available,Not available,Not available
Wreckno,2/23/2024,The Showbox,Music,Downtown,Not available,Not available,Not available
Kelly Akashi,Now through 2/24/2024,Henry Art Gallery,Museums,University District,Not available,Not available,Not available
The Lower Depths,2/6/2024 through 2/24/2024,Erickson Theatre,Theatre,Capitol Hill / Central District,Not available,Not available,Not available
Bassekou Kouyate and Vieux Farka Toure,2/22/2024 through 2/24/2024,Town Hall Seattle,Music,Downtown,Not available,Not available,Not available
Crystal Skies,2/24/2024,Nectar Lounge,Music,Fremont / Ballard,Not available,Not available,Not available
Dan Brown Wild Symphony,2/24/2024,Benaroya Hall,Music,Downtown,Not available,Not available,Not available
Nate Jackson,2/24/2024,The Moore Theatre,Theatre,Downtown,Not available,Not available,Not available
Pink Sweat$,2/24/2024,The Showbox,Music,Downtown,Not available,Not available,Not available
Root and Branch,2/24/2024,Town Hall Seattle,Music,Downtown,Not available,Not available,Not available
Seattle Kraken vs. Minnesota Wild,2/24/2024,Climate Pledge Arena,Sports,Queen Anne / Seattle Center,Not available,Not available,Not available
Small Island Big Song,2/24/2024,Meany Center for the Performing Arts,Music,University District,Not available,Not available,Not available
Born With Teeth,2/1/2024 through 2/25/2024,ArtsWest Playhouse and Gallery,Theatre,West Seattle,Not available,Not available,Not available
"Once More, Just For You",2/5/2024 through 2/25/2024,Seattle Public Theater,Theatre,Wallingford / Greenlake,Not available,Not available,Not available
Wintergrass Music Festival,2/22/2024 through 2/25/2024,Hyatt Regency Bellevue,Festivals & Special Events,Bellevue / Eastside,Not available,Not available,Not available
Klezmer Starts Here: The Music of Abe Schwartz,2/25/2024,The Royal Room,Music,South Seattle,Not available,Not available,Not available
Telling the Story,2/25/2024,Town Hall Seattle,Readings & Lectures,Downtown,Not available,Not available,Not available
Cherry Glazerr,2/26/2024,Neumos,Music,Capitol Hill / Central District,Not available,Not available,Not available
Dick & Angel Dare to Do It,2/26/2024,The Paramount Theatre,Theatre,Downtown,Not available,Not available,Not available
Seattle Kraken vs. Boston Bruins,2/26/2024,Climate Pledge Arena,Sports,Queen Anne / Seattle Center,Not available,Not available,Not available
Hunt for Sleeping Giants | National Geographic Live,2/25/2024 through 2/27/2024,Benaroya Hall,Readings & Lectures,Downtown,Not available,Not available,Not available
Big Tooth,2/27/2024,Sea Monster Lounge,Music,Wallingford / Greenlake,Not available,Not available,Not available
Eric Klinenberg,2/27/2024,Town Hall Seattle,Readings & Lectures,Downtown,Not available,Not available,Not available
Fresh Dressed – smARTfilms: Black Luxury,2/27/2024,Bainbridge Island Museum of Art,Museums,West,Not available,Not available,Not available
Joy Harjo,2/27/2024,Town Hall Seattle,Readings & Lectures,Downtown,Not available,Not available,Not available
Anand Gopal,2/28/2024,Town Hall Seattle,Readings & Lectures,Downtown,Not available,Not available,Not available
Dianne Reeves,2/28/2024,Town Hall Seattle,Music,Downtown,Not available,Not available,Not available
Kassa Overall,2/28/2024,Nectar Lounge,Music,Fremont / Ballard,Not available,Not available,Not available
Playboi Carti,2/28/2024,Climate Pledge Arena,Music,Queen Anne / Seattle Center,Not available,Not available,Not available
Winter Brilliance,Now through 2/29/2024,Chihuly Garden and Glass,Museums,Queen Anne / Seattle Center,Not available,Not available,Not available
Seattle Museum Month,2/1/2024 through 2/29/2024,Downtown Seattle,Museums,Downtown,Not available,Not available,Not available
JNA and Tavia Rhodes,2/29/2024,The Royal Room,Music,South Seattle,Not available,Not available,Not available
Julian Lage,2/29/2024,Town Hall Seattle,Music,Downtown,Not available,Not available,Not available
MarchFourth,2/29/2024,Nectar Lounge,Music,Fremont / Ballard,Not available,Not available,Not available
Seattle Kraken vs. Pittsburgh Penguins,2/29/2024,Climate Pledge Arena,Sports,Queen Anne / Seattle Center,Not available,Not available,Not available
The Human Family,2/29/2024,LANGSTON Seattle,Music,Capitol Hill / Central District,Not available,Not available,Not available
Enjambre,3/1/2024,Nectar Lounge,Music,Fremont / Ballard,Not available,Not available,Not available
Fall Out Boy,3/1/2024,Climate Pledge Arena,Readings & Lectures,Queen Anne / Seattle Center,Not available,Not available,Not available
Global Rhythms: Justin Adams and Mauro Durante,3/1/2024,Town Hall Seattle,Music,Downtown,Not available,Not available,Not available
Sloane Crosley with Ben Gibbard,3/1/2024,Town Hall Seattle,Readings & Lectures,Downtown,Not available,Not available,Not available
Tacoma Stars vs. Harrisburg Heat,3/1/2024,accesso ShoWare Center,Sports,South,Not available,Not available,Not available
Tommy Emmanuel,3/1/2024,The Moore Theatre,Music,Downtown,Not available,Not available,Not available
Facades,2/1/2024 through 3/2/2024,Harris Harvey Gallery,Visual Arts & Galleries,Downtown,Not available,Not available,Not available
Conrad Tao’s Playlist,3/1/2024 through 3/2/2024,Benaroya Hall,Music,Downtown,Not available,Not available,Not available
Crypta,3/2/2024,El Corazon,Music,Downtown,Not available,Not available,Not available
Seattle Kraken vs. Edmonton Oilers,3/2/2024,Climate Pledge Arena,Sports,Queen Anne / Seattle Center,Not available,Not available,Not available
Seattle Sounders FC vs. Austin FC,3/2/2024,Lumen Field,Sports,Pioneer Square,Not available,Not available,Not available
Emerald City Comic Con,2/29/2024 through 3/3/2024,Seattle Convention Center,Festivals & Special Events,Downtown,Not available,Not available,Not available
Briscoe,3/3/2024,Tractor Tavern,Music,Fremont / Ballard,Not available,Not available,Not available
Tacoma Stars vs. Harrisburg Heat,3/3/2024,accesso ShoWare Center,Music,South,Not available,Not available,Not available
Eve’s Bayou – smARTfilms: Black Luxury,3/5/2024,Bainbridge Island Museum of Art,Museums,West,Not available,Not available,Not available
Atlus,3/7/2024,Nectar Lounge,Music,Fremont / Ballard,Not available,Not available,Not available
Calidore Quartet & Abeo Quartet,3/8/2024,415 Westlake,Music,Queen Anne / Seattle Center,Not available,Not available,Not available
Holding / Movement,3/8/2024,Benaroya Hall,Music,Downtown,Not available,Not available,Not available
Seattle Kraken vs. Winnipeg Jets,3/8/2024,Climate Pledge Arena,Sports,Queen Anne / Seattle Center,Not available,Not available,Not available
X:The Life and Times of Malcolm X,2/24/2024 through 3/9/2024,Marion Oliver McCaw Hall,Music,Queen Anne / Seattle Center,Not available,Not available,Not available
Bach St. John Passion,3/7/2024 through 3/9/2024,Benaroya Hall,Music,Downtown,Not available,Not available,Not available
Ariel Pink,3/9/2024,El Corazon,Music,Downtown,Not available,Not available,Not available
Helene Grimaud,3/9/2024,Meany Center for the Performing Arts,Music,University District,Not available,Not available,Not available
Josiah and the Bonnevilles,3/9/2024,Barboza,Music,Capitol Hill / Central District,Not available,Not available,Not available
Mahan Esfahan,3/9/2024,Town Hall Seattle,Music,Downtown,Not available,Not available,Not available
Positive Fragmentation,Now through 3/10/2024,Bellevue Arts Museum,Museums,Bellevue / Eastside,Not available,Not available,Not available
Antonio M. Gomez: LINEAJES,Now through 3/10/2024,Frye Art Museum,Museums,Capitol Hill / Central District,Not available,Not available,Not available
Soren Solkaer: Sort Sol,Now through 3/10/2024,National Nordic Museum,Museums,Fremont / Ballard,Not available,Not available,Not available
Luchadora!,2/22/2024 through 3/10/2024,Seattle Children's Theatre,Theatre,Queen Anne / Seattle Center,Not available,Not available,Not available
Wild Cats Revealed | National Geographic Live,3/10/2024 through 3/12/2024,Benaroya Hall,Readings & Lectures,Downtown,Not available,Not available,Not available
Seattle Kraken vs. Vegas Golden Knights,3/12/2024,Climate Pledge Arena,Sports,Queen Anne / Seattle Center,Not available,Not available,Not available
Seattle Kraken vs. Washington Capitals,3/14/2024,Climate Pledge Arena,Sports,Queen Anne / Seattle Center,Not available,Not available,Not available
Autoheart,3/15/2024,El Corazon,Music,Downtown,Not available,Not available,Not available
The Snuts,3/15/2024,Barboza,Music,Capitol Hill / Central District,Not available,Not available,Not available
Mark Morris Dance Group: The Look of Love,3/14/2024 through 3/16/2024,Meany Center for the Performing Arts,Music,University District,Not available,Not available,Not available
Sibelius & Nielsen,3/14/2024 through 3/16/2024,Benaroya Hall,Music,Downtown,Not available,Not available,Not available
Tacoma Stars vs. Chihuahua Savage,3/15/2024 through 3/16/2024,accesso ShoWare Center,Sports,South,Not available,Not available,Not available
Seattle Kraken vs. Nashville Predators,3/16/2024,Climate Pledge Arena,Sports,Queen Anne / Seattle Center,Not available,Not available,Not available
Seattle Sounders FC vs. Colorado Rapids,3/16/2024,Lumen Field,Sports,Pioneer Square,Not available,Not available,Not available
Native Portraiture: Power and Perception,Now through 3/17/2024,Tacoma Art Museum,Museums,South,Not available,Not available,Not available
Places to Call Home: Settlements in the West,Now through 3/17/2024,Tacoma Art Museum,Museums,South,Not available,Not available,Not available
Nobody Lives Here,Now through 3/17/2024,Wing Luke Museum,Museums,International District,Not available,Not available,Not available
Rootabaga Country,3/8/2024 through 3/17/2024,Opera Center,Music,Queen Anne / Seattle Center,Not available,Not available,Not available
Seattle Kraken vs. Buffalo Sabres,3/18/2024,Climate Pledge Arena,Sports,Queen Anne / Seattle Center,Not available,Not available,Not available
Tacoma Stars vs. Empire Strykers,3/23/2024,accesso ShoWare Center,Sports,South,Not available,Not available,Not available
Something’s Afoot,3/1/2024 through 3/24/2024,The 5th Avenue Theatre,Theatre,Downtown,Not available,Not available,Not available
One Thousand Pieces,3/15/2024 through 3/24/2024,Marion Oliver McCaw Hall,Dance,Queen Anne / Seattle Center,Not available,Not available,Not available
Simon Trpceski Plays Tchaikovsky,3/21/2024 through 3/24/2024,Benaroya Hall,Music,Downtown,Not available,Not available,Not available
Celebrate Holi! Spring Festival of Colors from South Asia,3/24/2024,Burke Museum,Museums,University District,Not available,Not available,Not available
Seattle Kraken vs. Montreal Canadiens,3/24/2024,Climate Pledge Arena,Sports,Queen Anne / Seattle Center,Not available,Not available,Not available
Seattle Kraken vs. Anaheim Ducks,3/26/2024,Climate Pledge Arena,Sports,Queen Anne / Seattle Center,Not available,Not available,Not available
Seattle Kraken vs. Anaheim Ducks,3/28/2024,Climate Pledge Arena,Sports,Queen Anne / Seattle Center,Not available,Not available,Not available
Tim McGraw,3/29/2024,Climate Pledge Arena,Music,Queen Anne / Seattle Center,Not available,Not available,Not available
Harold and the Purple Crayon,3/23/2024 through 3/30/2024,Marion Oliver McCaw Hall,Dance,Queen Anne / Seattle Center,Not available,Not available,Not available
Monster Jam,3/30/2024,Lumen Field,Festivals & Special Events,Pioneer Square,Not available,Not available,Not available
Seattle Kraken vs. Dallas Stars,3/30/2024,Climate Pledge Arena,Sports,Queen Anne / Seattle Center,Not available,Not available,Not available
Illuminate: Glass Art for Early Learners,Now through 3/31/2024,Museum of Glass,Museums,South,Not available,Not available,Not available
Al Young’s 1970 Dodge Challenger Drag Racer,Now through 3/31/2024,Museum of History & Industry,Museums,Queen Anne / Seattle Center,Not available,Not available,Not available
Shine On Seattle,Now through 3/31/2024,Pioneer Square,Festivals & Special Events,Pioneer Square,Not available,Not available,Not available
Sanctuary City,3/1/2024 through 3/31/2024,Seattle Rep,Theatre,Queen Anne / Seattle Center,Not available,Not available,Not available
Stew,3/15/2024 through 3/31/2024,ACT Theatre,Theatre,Downtown,Not available,Not available,Not available
Luis Miguel,4/4/2024,Climate Pledge Arena,Music,Queen Anne / Seattle Center,Not available,Not available,Not available
Taylor Raven and Duke Kim in Recital,4/4/2024,Opera Center,Music,Queen Anne / Seattle Center,Not available,Not available,Not available
Jo Koy,4/5/2024,Climate Pledge Arena,Theatre,Queen Anne / Seattle Center,Not available,Not available,Not available
Copland Appalachian Spring,4/4/2024 through 4/6/2024,Benaroya Hall,Music,Downtown,Not available,Not available,Not available
Seattle Sounders FC vs. CF Montreal,4/6/2024,Lumen Field,Sports,Pioneer Square,Not available,Not available,Not available
Tom Segura,4/6/2024,Climate Pledge Arena,Theatre,Queen Anne / Seattle Center,Not available,Not available,Not available
La Vaughn Belle: A History of Unruly Returns,Now through 4/7/2024,National Nordic Museum,Museums,Fremont / Ballard,Not available,Not available,Not available
Beetlejuice,4/2/2024 through 4/7/2024,The Paramount Theatre,Theatre,Downtown,Not available,Not available,Not available
Seattle Kraken vs. Arizona Coyotes,4/9/2024,Climate Pledge Arena,Sports,Queen Anne / Seattle Center,Not available,Not available,Not available
Seattle Kraken vs. San Jose Sharks,4/11/2024,Climate Pledge Arena,Sports,Queen Anne / Seattle Center,Not available,Not available,Not available
The Percussion: Sounds from Home,4/12/2024 through 4/13/2024,Benaroya Hall,Music,Downtown,Not available,Not available,Not available
Honoring 50 Years of Papunya Tula Painting,Now through 4/14/2024,Seattle Art Museum,Museums,Downtown,Not available,Not available,Not available
The Moors,3/22/2024 through 4/14/2024,Seattle Public Theater,Theatre,Wallingford / Greenlake,Not available,Not available,Not available
Mahler Symphony No. 3,4/11/2024 through 4/14/2024,Benaroya Hall,Music,Downtown,Not available,Not available,Not available
Best of the Northwest Spring Show,4/13/2024 through 4/14/2024,Magnuson Park,Festivals & Special Events,University District,Not available,Not available,Not available
An Evening with Jinjoo Cho,4/19/2024,415 Westlake,Music,Queen Anne / Seattle Center,Not available,Not available,Not available
Dvorak Symphony No. 6,4/18/2024 through 4/20/2024,Benaroya Hall,Music,Downtown,Not available,Not available,Not available
Seattle Sounders FC vs. Vancouver Whitecaps FC,4/20/2024,Lumen Field,Sports,Pioneer Square,Not available,Not available,Not available
The Seasons’ Canon,4/12/2024 through 4/21/2024,Marion Oliver McCaw Hall,Dance,Queen Anne / Seattle Center,Not available,Not available,Not available
DRUM TAO 30th Anniversary,4/22/2024,Benaroya Hall,Music,Downtown,Not available,Not available,Not available
AJR,4/26/2024,Climate Pledge Arena,Music,Queen Anne / Seattle Center,Not available,Not available,Not available
Disney’s Aladdin,4/24/2024 through 4/28/2024,The Paramount Theatre,Theatre,Downtown,Not available,Not available,Not available
Antarctic Symphony,4/25/2024 through 4/28/2024,Benaroya Hall,Music,Downtown,Not available,Not available,Not available
Noah Geller’s Playlist,5/3/2024 through 5/4/2024,Benaroya Hall,Music,Downtown,Not available,Not available,Not available
Broadway Spectacular,5/4/2024,Cornish Playhouse at Seattle Center,Music,Queen Anne / Seattle Center,Not available,Not available,Not available
Jessica Jackson Hutchins: Wrecked and Righteous,Now through 5/5/2024,Frye Art Museum,Museums,Capitol Hill / Central District,Not available,Not available,Not available
The Lion Tells His Tale,5/1/2024 through 5/5/2024,Broadway Performance Hall,Theatre,Capitol Hill / Central District,Not available,Not available,Not available
Seattle Sounders FC vs. LA Galaxy,5/5/2024,Lumen Field,Sports,Pioneer Square,Not available,Not available,Not available
Melanie Martinez,5/10/2024,Climate Pledge Arena,Music,Queen Anne / Seattle Center,Not available,Not available,Not available
"Guma’ Gela:  Part Land, Part Sea, All Ancestry",Now through 5/12/2024,Wing Luke Museum,Museums,International District,Not available,Not available,Not available
Jaune Quick-to-See Smith: Memory Map,2/29/2024 through 5/12/2024,Seattle Art Museum,Museums,Downtown,Not available,Not available,Not available
Fat Ham,4/12/2024 through 5/12/2024,Seattle Rep,Theatre,Queen Anne / Seattle Center,Not available,Not available,Not available
A Tale of Peter Rabbit,4/25/2024 through 5/12/2024,Seattle Children's Theatre,Theatre,Queen Anne / Seattle Center,Not available,Not available,Not available
The Lehman Trilogy,4/26/2024 through 5/12/2024,ACT Theatre,Theatre,Downtown,Not available,Not available,Not available
The Untold Story of Sharks | National Geographic Live,5/12/2024 through 5/14/2024,Benaroya Hall,Readings & Lectures,Downtown,Not available,Not available,Not available
Seattle Storm vs Minnesota Lynx,5/14/2024,Climate Pledge Arena,Sports,Queen Anne / Seattle Center,Not available,Not available,Not available
Mother,5/17/2024,415 Westlake,Music,Queen Anne / Seattle Center,Not available,Not available,Not available
Barber Violin Concerto,5/16/2024 through 5/18/2024,Benaroya Hall,Music,Downtown,Not available,Not available,Not available
Seattle Sounders FC vs. Vancouver Whitecaps FC,5/18/2024,Lumen Field,Sports,Pioneer Square,Not available,Not available,Not available
Seattle Storm vs. Indiana Fever,5/22/2024,Climate Pledge Arena,Sports,Queen Anne / Seattle Center,Not available,Not available,Not available
The Barber of Seville,5/4/2024 through 5/24/2024,Marion Oliver McCaw Hall,Music,Queen Anne / Seattle Center,Not available,Not available,Not available
Seattle Storm vs. Washington Mystics,5/25/2024,Climate Pledge Arena,Sports,Queen Anne / Seattle Center,Not available,Not available,Not available
Seattle Sounders FC vs. Real Salt Lake,5/29/2024,Lumen Field,Sports,Pioneer Square,Not available,Not available,Not available
Unriveled,5/10/2024 through 6/2/2024,Seattle Public Theater,Theatre,Wallingford / Greenlake,Not available,Not available,Not available
Seattle Storm vs. Phoenix Mercury,6/4/2024,Climate Pledge Arena,Sports,Queen Anne / Seattle Center,Not available,Not available,Not available
George Balenchine’s Coppelia,5/31/2024 through 6/9/2024,Marion Oliver McCaw Hall,Dance,Queen Anne / Seattle Center,Not available,Not available,Not available
Jan Lisiecki Plays Prokofiev,6/6/2024 through 6/9/2024,Benaroya Hall,Music,Downtown,Not available,Not available,Not available
Seattle Storm vs. Los Angeles Sparks,6/11/2024,Climate Pledge Arena,Sports,Queen Anne / Seattle Center,Not available,Not available,Not available
Beethoven Symphony No. 5,6/13/2024 through 6/15/2024,Benaroya Hall,Music,Downtown,Not available,Not available,Not available
Elizabeth Malaska: All Be Your Mirror,Now through 6/16/2024,Seattle Art Museum,Museums,Downtown,Not available,Not available,Not available
Joshua Bell Plays Elements Concerto,6/20/2024 through 6/22/2024,Benaroya Hall,Music,Downtown,Not available,Not available,Not available
Seattle Sounders FC vs. Minnesota United FC,6/22/2024,Lumen Field,Sports,Pioneer Square,Not available,Not available,Not available
"Together Again, Again!",5/31/2024 through 6/23/2024,Seattle Rep,Theatre,Queen Anne / Seattle Center,Not available,Not available,Not available
2024 KPMG Women’s PGA Championship,6/20/2024 through 6/23/2024,Sahalee Country Club,Sports,Bellevue / Eastside,Not available,Not available,Not available
Lip Sync for Our Rights,6/22/2024 through 6/23/2024,Marion Oliver McCaw Hall,Music,Queen Anne / Seattle Center,Not available,Not available,Not available
Seattle Storm vs. Connecticut Sun,6/23/2024,Climate Pledge Arena,Sports,Queen Anne / Seattle Center,Not available,Not available,Not available
Seattle Storm vs. Indiana Fever,6/27/2024,Climate Pledge Arena,Sports,Queen Anne / Seattle Center,Not available,Not available,Not available
Company,6/23/2024 through 6/28/2024,The Paramount Theatre,Music,Downtown,Not available,Not available,Not available
Seattle Storm vs. Dallas Wings,6/29/2024,Climate Pledge Arena,Sports,Queen Anne / Seattle Center,Not available,Not available,Not available
Sounders FC vs. Chicago Fire FC,6/29/2024,Lumen Field,Sports,Pioneer Square,Not available,Not available,Not available
2024 University of Washington MFA + MDes Thesis Exhibition,5/24/2024 through 6/30/2024,Henry Art Gallery,Museums,University District,Not available,Not available,Not available
Spring Awakening,6/7/2024 through 6/30/2024,The 5th Avenue Theatre,Theatre,Downtown,Not available,Not available,Not available
Girl From The North Country,6/25/2024 through 6/30/2024,The Paramount Theatre,Music,Downtown,Not available,Not available,Not available
Seattle Storm vs Dallas Wings,7/1/2024,Climate Pledge Arena,Sports,Queen Anne / Seattle Center,Not available,Not available,Not available
Seattle Storm vs. Chicago Sky,7/5/2024,Climate Pledge Arena,Sports,Queen Anne / Seattle Center,Not available,Not available,Not available
"Anida Yoeu Ali: Hybrid Skin, Mythical Presence",Now through 7/7/2024,Seattle Asian Art Museum,Museums,Capitol Hill / Central District,Not available,Not available,Not available
Seattle Storm vs.Chicago Sky,7/7/2024,Climate Pledge Arena,Sports,Queen Anne / Seattle Center,Not available,Not available,Not available
Seattle Storm vs. Las Vegas Aces,7/10/2024,Climate Pledge Arena,Sports,Queen Anne / Seattle Center,Not available,Not available,Not available
Seattle Storm vs. Minnesota Lynx,7/12/2024,Climate Pledge Arena,Sports,Queen Anne / Seattle Center,Not available,Not available,Not available
Seattle Storm vs. Atlanta Dream,7/14/2024,Climate Pledge Arena,Sports,Queen Anne / Seattle Center,Not available,Not available,Not available
Seattle Sounders FC vs. Los Angeles FC,7/20/2024,Lumen Field,Sports,Pioneer Square,Not available,Not available,Not available
Nordic Utopia: African Americans in the 20th Century,3/22/2024 through 7/21/2024,National Nordic Museum,Museums,Fremont / Ballard,Not available,Not available,Not available
Clue,7/9/2024 through 7/21/2024,The 5th Avenue Theatre,Theatre,Downtown,Not available,Not available,Not available
"Be Water, My Friend: The Teachings Of Bruce Lee",Now through 7/28/2024,Wing Luke Museum,Museums,International District,Not available,Not available,Not available
Olivia Rodrigo,8/6/2024 through 8/7/2024,Climate Pledge Arena,Music,Queen Anne / Seattle Center,Not available,Not available,Not available
Seattle Storm vs. Washington Mystics,8/26/2024,Climate Pledge Arena,Sports,Queen Anne / Seattle Center,Not available,Not available,Not available
Seattle Storm vs. Atlanta Dream,8/28/2024,Climate Pledge Arena,Sports,Queen Anne / Seattle Center,Not available,Not available,Not available
Seattle Storm vs. New York Liberty,8/30/2024,Climate Pledge Arena,Sports,Queen Anne / Seattle Center,Not available,Not available,Not available
Hidden Worlds: The Films of LAIKA,Now through 8/31/2024,MoPOP Museum of Pop Culture,Museums,Queen Anne / Seattle Center,Not available,Not available,Not available
Poke in the Eye: Art of the West Coast Counterculture,6/21/2024 through 9/2/2024,Seattle Art Museum,Museums,Downtown,Not available,Not available,Not available
"Chicago and Earth, Wind & Fire,",9/3/2024,Climate Pledge Arena,Music,Queen Anne / Seattle Center,Not available,Not available,Not available
Seattle Storm vs. Phoenix Mercury,9/7/2024,Climate Pledge Arena,Sports,Queen Anne / Seattle Center,Not available,Not available,Not available
Sound Check! The Music We Make,Now through 9/14/2024,Wing Luke Museum,Museums,International District,Not available,Not available,Not available
Seattle Sounders FC vs. Sporting Kansas City,9/15/2024,Lumen Field,Sports,Pioneer Square,Not available,Not available,Not available
Seattle Storm vs. Los Angeles Sparks,9/15/2024,Climate Pledge Arena,Sports,Queen Anne / Seattle Center,Not available,Not available,Not available
Seattle Storm vs. Las Vegas Aces,9/17/2024,Climate Pledge Arena,Sports,Queen Anne / Seattle Center,Not available,Not available,Not available
Seattle Sounders FC vs. San Jose Earthquakes,9/18/2024,Lumen Field,Sports,Pioneer Square,Not available,Not available,Not available
Seatle Sounders FC vs. Houston Dynamo,9/28/2024,Lumen Field,Sports,Pioneer Square,Not available,Not available,Not available
Raul de Nieves,Now through 9/30/2024,Henry Art Gallery,Museums,University District,Not available,Not available,Not available
Seattle Sounders FC vs. Portland Timbers,10/19/2024,Lumen Field,Sports,Pioneer Square,Not available,Not available,Not available
Sebastian Maniscalco,10/25/2024,Climate Pledge Arena,Theatre,Queen Anne / Seattle Center,Not available,Not available,Not available
Frye Salon,Now through 10/27/2024,Frye Art Museum,Museums,Capitol Hill / Central District,Not available,Not available,Not available
On Native Land: Landscapes from the Haub Family Collection,Now through 11/17/2024,Tacoma Art Museum,Museums,South,Not available,Not available,Not available
Joyce J. Scott: Walk a Mile in My Dreams,10/17/2024 through 1/20/2025,Seattle Art Museum,Museums,Downtown,Not available,Not available,Not available
Washi Transformed New Expressions in Japanese Paper,2/2/2024 through 4/26/2026,Bellevue Arts Museum,Museums,Bellevue / Eastside,Not available,Not available,Not available
Explore The Market,Ongoing,Pike Place Market,Festivals & Special Events,Downtown,Not available,Not available,Not available
Olympic Sculpture Park,Ongoing,Olympic Sculpture Park,Visual Arts & Galleries,Downtown,Not available,Not available,Not available
Infinite Worlds of Science Fiction,Ongoing,MoPOP Museum of Pop Culture,Museums,Queen Anne / Seattle Center,Not available,Not available,Not available
"Wild Blue Angel: Hendrix Abroad, 1966-70",Ongoing,MoPOP Museum of Pop Culture,Museums,Queen Anne / Seattle Center,Not available,Not available,Not available
John Grade: Middle Fork,Ongoing,Seattle Art Museum,Museums,Downtown,Not available,Not available,Not available
Scared to Death: The Thrill of Horror Film,Ongoing,MoPOP Museum of Pop Culture,Museums,Queen Anne / Seattle Center,Not available,Not available,Not available
Nirvana: Taking Punk To the Masses,Ongoing,MoPOP Museum of Pop Culture,Museums,Queen Anne / Seattle Center,Not available,Not available,Not available
Vietnam Divided: War Above Southeast Asia,Ongoing,The Museum of Flight,Museums,South Seattle,Not available,Not available,Not available
Science Fiction and Fantasy Hall of Fame,Ongoing,MoPOP Museum of Pop Culture,Museums,Queen Anne / Seattle Center,Not available,Not available,Not available
Cambodian Cultural Museum and Killing Fields Memorial,Ongoing,Wing Luke Museum,Museums,International District,Not available,Not available,Not available
Honoring Our Journey,Ongoing,Wing Luke Museum,Museums,International District,Not available,Not available,Not available
Spotlight on Dale Chihuly: Works from Museum of Glass Permanent Collection,Ongoing,Museum of Glass,Museums,South,Not available,Not available,Not available
Great Hall of Washington History,Ongoing,Washington State History Museum,Museums,South,Not available,Not available,Not available
Humboldt Penguin Exhibit,Ongoing,Woodland Park Zoo,Museums,Wallingford / Greenlake,Not available,Not available,Not available
Giant Pacific Octopus,Ongoing,Seattle Aquarium,Museums,Downtown,Not available,Not available,Not available
Meet our Marine Mammals,Ongoing,Seattle Aquarium,Museums,Downtown,Not available,Not available,Not available
Window on Washington Waters,Ongoing,Seattle Aquarium,Museums,Downtown,Not available,Not available,Not available
Guitar Gallery,Ongoing,MoPOP Museum of Pop Culture,Museums,Queen Anne / Seattle Center,Not available,Not available,Not available
Nordic Journeys,Ongoing,National Nordic Museum,Museums,Fremont / Ballard,Not available,Not available,Not available
Baird’s beaked whale,Ongoing,Burke Museum,Museums,University District,Not available,Not available,Not available
Amazing Life,Ongoing,Burke Museum,Museums,University District,Not available,Not available,Not available
